{
  "Version": "1.0",
  "OrgId": 223031,
  "ClientId": "46234f43-0000-1000-4014-e1e1e11124e0",
  "ClientName": "Merriweather Farms",
  "FarmId": "4641d448-0000-1000-4033-e1e1e11124e0",
  "FarmName": "JT",
  "FieldId": "e61b83f4-3a12-431e-8010-596f2466dc27",
  "FieldName": "01",
  "Operation": "Seeding",
  "CropSeason": 2016,
  "CropToken": "SOYBEANS",
  "FileCreatedTimeStamp": "2018-04-25T21:10:46.1183878Z",
  "DataAttributes": [
    {
      "Name": "Time",
      "Description": "Timestamp"
    },
    {
      "Name": "Crop",
      "Description": "CropId"
    },
    {
      "Name": "AppliedRate",
      "Unit": "seeds1ac-1",
      "Description": "Applied Rate"
    },
    {
      "Name": "SWATHWIDTH",
      "Unit": "ft",
      "Description": "Width Of Element"
    },
    {
      "Name": "DISTANCE",
      "Unit": "ft",
      "Description": "Distance Travelled From Previous Point"
    },
    {
      "Name": "Heading",
      "Description": "Machine Heading"
    },
    {
      "Name": "SECTIONID",
      "Description": "Element Id"
    },
    {
      "Name": "TargetRate",
      "Unit": "seeds1ac-1",
      "Description": "Target Rate"
    },
    {
      "Name": "ControlRate",
      "Unit": "seeds1ac-1",
      "Description": "Control Rate"
    },
    {
      "Name": "Variety",
      "Description": "Variety Name"
    },
    {
      "Name": "Elevation",
      "Unit": "ft",
      "Description": "Elevation"
    },
    {
      "Name": "IsoTime",
      "Description": "Precise Timestamp"
    }
  ]
}