{
  "Version": "1.0",
  "OrgId": 1234,
  "ClientId": "d5d32f64-1e67-4ed7-8b5a-0db234f1305b",
  "ClientName": "---",
  "FarmId": "302f6894-aa77-441d-a331-4d767705220e",
  "FarmName": "---",
  "FieldId": "54f2ca3b-a132-49b7-a94c-5ee70a4d7640",
  "FieldName": "Tank Mix Rate",
  "Operation": "Application",
  "CropSeason": 2017,
  "Product": {
    "ProductName": "Tank Mix",
    "TankMix": true,
    "Rate": {
      "Value": 10.0,
      "Unit": "gal1ac-1"
    },
    "Components": [
      {
        "Carrier": false,
        "Name": "AMS",
        "Rate": {
          "Value": 15.0,
          "Unit": "floz1ac-1"
        },
        "BrandName": "---"
      },
      {
        "Carrier": false,
        "Name": "Counter",
        "Rate": {
          "Value": 20.0,
          "Unit": "floz1ac-1"
        },
        "BrandName": "---"
      },
      {
        "Carrier": true,
        "Name": "Water",
        "Rate": {
          "Value": 9.727,
          "Unit": "gal1ac-1"
        },
        "BrandName": "---"
      }
    ]
  },
  "FieldOperationId": "MTIzNF81ZGMxZjQxNmM3ODg4ZDA2YjhhOWEyNGI",
  "FieldOperationStartDate": "2017-11-29T16:20:49.764Z",
  "FileCreatedTimeStamp": "2019-11-05T22:13:52.9459524Z",
  "DataAttributes": [
    {
      "Name": "Time",
      "Description": "Timestamp"
    },
    {
      "Name": "Heading",
      "Description": "Machine Heading"
    },
    {
      "Name": "DISTANCE",
      "Unit": "ft",
      "Description": "Distance Travelled From Previous Point"
    },
    {
      "Name": "SWATHWIDTH",
      "Unit": "ft",
      "Description": "Width Of Element"
    },
    {
      "Name": "Product",
      "Description": "Product Name"
    },
    {
      "Name": "SECTIONID",
      "Description": "Element Id"
    },
    {
      "Name": "AppliedRate",
      "Unit": "gal1ac-1",
      "Description": "Applied Rate"
    },
    {
      "Name": "ControlRate",
      "Unit": "gal1ac-1",
      "Description": "Control Rate"
    },
    {
      "Name": "TargetRate",
      "Unit": "gal1ac-1",
      "Description": "Target Rate"
    },
    {
      "Name": "Elevation",
      "Unit": "ft",
      "Description": "Elevation"
    },
    {
      "Name": "IsoTime",
      "Description": "Precise Timestamp"
    },
    {
      "Name": "Machine",
      "Description": "Index into the MachineUsage map, or 0 if no information exists"
    }
  ],
  "MachineUsage": {
    "1": {
      "MachineId": "75967f0e-96c6-83e4-6bec-d6b5c868720b",
      "MachineSerial": "1N04045RJC0000106"
    }
  }
}