{
  "Version": "1.0",
  "OrgId": 1234,
  "ClientId": "6598abeb-134b-4ecd-b61d-5633b77f568b",
  "ClientName": "---",
  "FarmId": "d1b20ea1-ba45-4b2b-9337-fd95f0c5bb95",
  "FarmName": "---",
  "FieldId": "f9b7198d-a8b7-4f87-a4d2-d42c00b5fbc2",
  "FieldName": "22sep sp run2",
  "Operation": "Seeding",
  "CropSeason": 2017,
  "CropToken": "SOYBEANS",
  "FieldOperationId": "MTIzNF81ZGMxZjJkOGM3ODg4ZDA2YjhhOWExOTY",
  "FieldOperationStartDate": "2017-09-22T15:53:20.195Z",
  "FileCreatedTimeStamp": "2019-11-05T22:12:00.4596895Z",
  "DataAttributes": [
    {
      "Name": "Time",
      "Description": "Timestamp"
    },
    {
      "Name": "Crop",
      "Description": "CropId"
    },
    {
      "Name": "AppliedRate",
      "Unit": "seeds1ac-1",
      "Description": "Applied Rate"
    },
    {
      "Name": "SWATHWIDTH",
      "Unit": "ft",
      "Description": "Width Of Element"
    },
    {
      "Name": "DISTANCE",
      "Unit": "ft",
      "Description": "Distance Travelled From Previous Point"
    },
    {
      "Name": "Heading",
      "Description": "Machine Heading"
    },
    {
      "Name": "SECTIONID",
      "Description": "Element Id"
    },
    {
      "Name": "TargetRate",
      "Unit": "seeds1ac-1",
      "Description": "Target Rate"
    },
    {
      "Name": "ControlRate",
      "Unit": "seeds1ac-1",
      "Description": "Control Rate"
    },
    {
      "Name": "Variety",
      "Description": "Variety Name"
    },
    {
      "Name": "Elevation",
      "Unit": "ft",
      "Description": "Elevation"
    },
    {
      "Name": "IsoTime",
      "Description": "Precise Timestamp"
    },
    {
      "Name": "Machine",
      "Description": "Index into the MachineUsage map, or 0 if no information exists"
    }
  ],
  "MachineUsage": {
    "1": {
      "MachineId": "d98c1dd4-008f-04b2-e980-0998ecf8427e",
      "MachineSerial": ""
    }
  }
}